--
-- PostgreSQL database dump
--

\restrict EebhNVRyifT5MvFi2QrRbzRI68lhmM1AE6JxydlfQe6dwHz13HimHRbS5J2amre

-- Dumped from database version 16.11 (Ubuntu 16.11-0ubuntu0.24.04.1)
-- Dumped by pg_dump version 16.11 (Ubuntu 16.11-0ubuntu0.24.04.1)

SET statement_timeout = 0;
SET lock_timeout = 0;
SET idle_in_transaction_session_timeout = 0;
SET client_encoding = 'UTF8';
SET standard_conforming_strings = on;
SELECT pg_catalog.set_config('search_path', '', false);
SET check_function_bodies = false;
SET xmloption = content;
SET client_min_messages = warning;
SET row_security = off;

SET default_tablespace = '';

SET default_table_access_method = heap;

--
-- Name: assets_atividade; Type: TABLE; Schema: public; Owner: pcm_user
--

CREATE TABLE public.assets_atividade (
    id bigint NOT NULL,
    descricao character varying(255) NOT NULL,
    status character varying(20) NOT NULL,
    duracao_estimada interval NOT NULL,
    data_planejada timestamp with time zone NOT NULL,
    tempo_total_gasto interval NOT NULL,
    ultima_interacao timestamp with time zone,
    colaborador_id integer,
    maquina_id bigint NOT NULL,
    eh_preventiva boolean NOT NULL,
    procedimento_base_id bigint,
    eh_emergencial boolean NOT NULL,
    instrucoes_tecnicas text,
    motivo_cancelamento text
);


ALTER TABLE public.assets_atividade OWNER TO pcm_user;

--
-- Name: assets_atividade_id_seq; Type: SEQUENCE; Schema: public; Owner: pcm_user
--

ALTER TABLE public.assets_atividade ALTER COLUMN id ADD GENERATED BY DEFAULT AS IDENTITY (
    SEQUENCE NAME public.assets_atividade_id_seq
    START WITH 1
    INCREMENT BY 1
    NO MINVALUE
    NO MAXVALUE
    CACHE 1
);


--
-- Name: assets_chamado; Type: TABLE; Schema: public; Owner: pcm_user
--

CREATE TABLE public.assets_chamado (
    id bigint NOT NULL,
    descricao_problema text NOT NULL,
    prioridade_indicada integer NOT NULL,
    maquina_parada boolean NOT NULL,
    data_abertura timestamp with time zone NOT NULL,
    status character varying(20) NOT NULL,
    maquina_id bigint NOT NULL,
    requisitante_id integer NOT NULL,
    motivo_resposta text
);


ALTER TABLE public.assets_chamado OWNER TO pcm_user;

--
-- Name: assets_chamado_id_seq; Type: SEQUENCE; Schema: public; Owner: pcm_user
--

ALTER TABLE public.assets_chamado ALTER COLUMN id ADD GENERATED BY DEFAULT AS IDENTITY (
    SEQUENCE NAME public.assets_chamado_id_seq
    START WITH 1
    INCREMENT BY 1
    NO MINVALUE
    NO MAXVALUE
    CACHE 1
);


--
-- Name: assets_maquina; Type: TABLE; Schema: public; Owner: pcm_user
--

CREATE TABLE public.assets_maquina (
    id bigint NOT NULL,
    nome character varying(100) NOT NULL,
    codigo character varying(50) NOT NULL
);


ALTER TABLE public.assets_maquina OWNER TO pcm_user;

--
-- Name: assets_maquina_id_seq; Type: SEQUENCE; Schema: public; Owner: pcm_user
--

ALTER TABLE public.assets_maquina ALTER COLUMN id ADD GENERATED BY DEFAULT AS IDENTITY (
    SEQUENCE NAME public.assets_maquina_id_seq
    START WITH 1
    INCREMENT BY 1
    NO MINVALUE
    NO MAXVALUE
    CACHE 1
);


--
-- Name: assets_procedimentopreventivo; Type: TABLE; Schema: public; Owner: pcm_user
--

CREATE TABLE public.assets_procedimentopreventivo (
    id bigint NOT NULL,
    codigo character varying(50) NOT NULL,
    nome character varying(200) NOT NULL,
    instrucoes text NOT NULL,
    duracao_estimada_padrao interval NOT NULL
);


ALTER TABLE public.assets_procedimentopreventivo OWNER TO pcm_user;

--
-- Name: assets_procedimentopreventivo_id_seq; Type: SEQUENCE; Schema: public; Owner: pcm_user
--

ALTER TABLE public.assets_procedimentopreventivo ALTER COLUMN id ADD GENERATED BY DEFAULT AS IDENTITY (
    SEQUENCE NAME public.assets_procedimentopreventivo_id_seq
    START WITH 1
    INCREMENT BY 1
    NO MINVALUE
    NO MAXVALUE
    CACHE 1
);


--
-- Name: auth_group; Type: TABLE; Schema: public; Owner: pcm_user
--

CREATE TABLE public.auth_group (
    id integer NOT NULL,
    name character varying(150) NOT NULL
);


ALTER TABLE public.auth_group OWNER TO pcm_user;

--
-- Name: auth_group_id_seq; Type: SEQUENCE; Schema: public; Owner: pcm_user
--

ALTER TABLE public.auth_group ALTER COLUMN id ADD GENERATED BY DEFAULT AS IDENTITY (
    SEQUENCE NAME public.auth_group_id_seq
    START WITH 1
    INCREMENT BY 1
    NO MINVALUE
    NO MAXVALUE
    CACHE 1
);


--
-- Name: auth_group_permissions; Type: TABLE; Schema: public; Owner: pcm_user
--

CREATE TABLE public.auth_group_permissions (
    id bigint NOT NULL,
    group_id integer NOT NULL,
    permission_id integer NOT NULL
);


ALTER TABLE public.auth_group_permissions OWNER TO pcm_user;

--
-- Name: auth_group_permissions_id_seq; Type: SEQUENCE; Schema: public; Owner: pcm_user
--

ALTER TABLE public.auth_group_permissions ALTER COLUMN id ADD GENERATED BY DEFAULT AS IDENTITY (
    SEQUENCE NAME public.auth_group_permissions_id_seq
    START WITH 1
    INCREMENT BY 1
    NO MINVALUE
    NO MAXVALUE
    CACHE 1
);


--
-- Name: auth_permission; Type: TABLE; Schema: public; Owner: pcm_user
--

CREATE TABLE public.auth_permission (
    id integer NOT NULL,
    name character varying(255) NOT NULL,
    content_type_id integer NOT NULL,
    codename character varying(100) NOT NULL
);


ALTER TABLE public.auth_permission OWNER TO pcm_user;

--
-- Name: auth_permission_id_seq; Type: SEQUENCE; Schema: public; Owner: pcm_user
--

ALTER TABLE public.auth_permission ALTER COLUMN id ADD GENERATED BY DEFAULT AS IDENTITY (
    SEQUENCE NAME public.auth_permission_id_seq
    START WITH 1
    INCREMENT BY 1
    NO MINVALUE
    NO MAXVALUE
    CACHE 1
);


--
-- Name: auth_user; Type: TABLE; Schema: public; Owner: pcm_user
--

CREATE TABLE public.auth_user (
    id integer NOT NULL,
    password character varying(128) NOT NULL,
    last_login timestamp with time zone,
    is_superuser boolean NOT NULL,
    username character varying(150) NOT NULL,
    first_name character varying(150) NOT NULL,
    last_name character varying(150) NOT NULL,
    email character varying(254) NOT NULL,
    is_staff boolean NOT NULL,
    is_active boolean NOT NULL,
    date_joined timestamp with time zone NOT NULL
);


ALTER TABLE public.auth_user OWNER TO pcm_user;

--
-- Name: auth_user_groups; Type: TABLE; Schema: public; Owner: pcm_user
--

CREATE TABLE public.auth_user_groups (
    id bigint NOT NULL,
    user_id integer NOT NULL,
    group_id integer NOT NULL
);


ALTER TABLE public.auth_user_groups OWNER TO pcm_user;

--
-- Name: auth_user_groups_id_seq; Type: SEQUENCE; Schema: public; Owner: pcm_user
--

ALTER TABLE public.auth_user_groups ALTER COLUMN id ADD GENERATED BY DEFAULT AS IDENTITY (
    SEQUENCE NAME public.auth_user_groups_id_seq
    START WITH 1
    INCREMENT BY 1
    NO MINVALUE
    NO MAXVALUE
    CACHE 1
);


--
-- Name: auth_user_id_seq; Type: SEQUENCE; Schema: public; Owner: pcm_user
--

ALTER TABLE public.auth_user ALTER COLUMN id ADD GENERATED BY DEFAULT AS IDENTITY (
    SEQUENCE NAME public.auth_user_id_seq
    START WITH 1
    INCREMENT BY 1
    NO MINVALUE
    NO MAXVALUE
    CACHE 1
);


--
-- Name: auth_user_user_permissions; Type: TABLE; Schema: public; Owner: pcm_user
--

CREATE TABLE public.auth_user_user_permissions (
    id bigint NOT NULL,
    user_id integer NOT NULL,
    permission_id integer NOT NULL
);


ALTER TABLE public.auth_user_user_permissions OWNER TO pcm_user;

--
-- Name: auth_user_user_permissions_id_seq; Type: SEQUENCE; Schema: public; Owner: pcm_user
--

ALTER TABLE public.auth_user_user_permissions ALTER COLUMN id ADD GENERATED BY DEFAULT AS IDENTITY (
    SEQUENCE NAME public.auth_user_user_permissions_id_seq
    START WITH 1
    INCREMENT BY 1
    NO MINVALUE
    NO MAXVALUE
    CACHE 1
);


--
-- Name: django_admin_log; Type: TABLE; Schema: public; Owner: pcm_user
--

CREATE TABLE public.django_admin_log (
    id integer NOT NULL,
    action_time timestamp with time zone NOT NULL,
    object_id text,
    object_repr character varying(200) NOT NULL,
    action_flag smallint NOT NULL,
    change_message text NOT NULL,
    content_type_id integer,
    user_id integer NOT NULL,
    CONSTRAINT django_admin_log_action_flag_check CHECK ((action_flag >= 0))
);


ALTER TABLE public.django_admin_log OWNER TO pcm_user;

--
-- Name: django_admin_log_id_seq; Type: SEQUENCE; Schema: public; Owner: pcm_user
--

ALTER TABLE public.django_admin_log ALTER COLUMN id ADD GENERATED BY DEFAULT AS IDENTITY (
    SEQUENCE NAME public.django_admin_log_id_seq
    START WITH 1
    INCREMENT BY 1
    NO MINVALUE
    NO MAXVALUE
    CACHE 1
);


--
-- Name: django_content_type; Type: TABLE; Schema: public; Owner: pcm_user
--

CREATE TABLE public.django_content_type (
    id integer NOT NULL,
    app_label character varying(100) NOT NULL,
    model character varying(100) NOT NULL
);


ALTER TABLE public.django_content_type OWNER TO pcm_user;

--
-- Name: django_content_type_id_seq; Type: SEQUENCE; Schema: public; Owner: pcm_user
--

ALTER TABLE public.django_content_type ALTER COLUMN id ADD GENERATED BY DEFAULT AS IDENTITY (
    SEQUENCE NAME public.django_content_type_id_seq
    START WITH 1
    INCREMENT BY 1
    NO MINVALUE
    NO MAXVALUE
    CACHE 1
);


--
-- Name: django_migrations; Type: TABLE; Schema: public; Owner: pcm_user
--

CREATE TABLE public.django_migrations (
    id bigint NOT NULL,
    app character varying(255) NOT NULL,
    name character varying(255) NOT NULL,
    applied timestamp with time zone NOT NULL
);


ALTER TABLE public.django_migrations OWNER TO pcm_user;

--
-- Name: django_migrations_id_seq; Type: SEQUENCE; Schema: public; Owner: pcm_user
--

ALTER TABLE public.django_migrations ALTER COLUMN id ADD GENERATED BY DEFAULT AS IDENTITY (
    SEQUENCE NAME public.django_migrations_id_seq
    START WITH 1
    INCREMENT BY 1
    NO MINVALUE
    NO MAXVALUE
    CACHE 1
);


--
-- Name: django_session; Type: TABLE; Schema: public; Owner: pcm_user
--

CREATE TABLE public.django_session (
    session_key character varying(40) NOT NULL,
    session_data text NOT NULL,
    expire_date timestamp with time zone NOT NULL
);


ALTER TABLE public.django_session OWNER TO pcm_user;

--
-- Data for Name: assets_atividade; Type: TABLE DATA; Schema: public; Owner: pcm_user
--

COPY public.assets_atividade (id, descricao, status, duracao_estimada, data_planejada, tempo_total_gasto, ultima_interacao, colaborador_id, maquina_id, eh_preventiva, procedimento_base_id, eh_emergencial, instrucoes_tecnicas, motivo_cancelamento) FROM stdin;
1	CHAMADO #1: Lampada do comercial queimada.	finalizada	02:00:00	2026-01-13 18:53:08.162082+00	00:00:25.569557	2026-01-13 18:54:39.736617+00	1	1	f	\N	f	\N	\N
\.


--
-- Data for Name: assets_chamado; Type: TABLE DATA; Schema: public; Owner: pcm_user
--

COPY public.assets_chamado (id, descricao_problema, prioridade_indicada, maquina_parada, data_abertura, status, maquina_id, requisitante_id, motivo_resposta) FROM stdin;
1	Lampada do comercial queimada.	2	f	2026-01-13 18:52:48.733424+00	aprovado	1	1	\N
\.


--
-- Data for Name: assets_maquina; Type: TABLE DATA; Schema: public; Owner: pcm_user
--

COPY public.assets_maquina (id, nome, codigo) FROM stdin;
1	Manutenção Administrativo	1
2	Manutenção Industria	2
3	Manutenção Moveis e Utensilios	3
4	Obras Unidades	4
\.


--
-- Data for Name: assets_procedimentopreventivo; Type: TABLE DATA; Schema: public; Owner: pcm_user
--

COPY public.assets_procedimentopreventivo (id, codigo, nome, instrucoes, duracao_estimada_padrao) FROM stdin;
\.


--
-- Data for Name: auth_group; Type: TABLE DATA; Schema: public; Owner: pcm_user
--

COPY public.auth_group (id, name) FROM stdin;
\.


--
-- Data for Name: auth_group_permissions; Type: TABLE DATA; Schema: public; Owner: pcm_user
--

COPY public.auth_group_permissions (id, group_id, permission_id) FROM stdin;
\.


--
-- Data for Name: auth_permission; Type: TABLE DATA; Schema: public; Owner: pcm_user
--

COPY public.auth_permission (id, name, content_type_id, codename) FROM stdin;
1	Can add log entry	1	add_logentry
2	Can change log entry	1	change_logentry
3	Can delete log entry	1	delete_logentry
4	Can view log entry	1	view_logentry
5	Can add permission	3	add_permission
6	Can change permission	3	change_permission
7	Can delete permission	3	delete_permission
8	Can view permission	3	view_permission
9	Can add group	2	add_group
10	Can change group	2	change_group
11	Can delete group	2	delete_group
12	Can view group	2	view_group
13	Can add user	4	add_user
14	Can change user	4	change_user
15	Can delete user	4	delete_user
16	Can view user	4	view_user
17	Can add content type	5	add_contenttype
18	Can change content type	5	change_contenttype
19	Can delete content type	5	delete_contenttype
20	Can view content type	5	view_contenttype
21	Can add session	6	add_session
22	Can change session	6	change_session
23	Can delete session	6	delete_session
24	Can view session	6	view_session
25	Can add maquina	9	add_maquina
26	Can change maquina	9	change_maquina
27	Can delete maquina	9	delete_maquina
28	Can view maquina	9	view_maquina
29	Can add atividade	7	add_atividade
30	Can change atividade	7	change_atividade
31	Can delete atividade	7	delete_atividade
32	Can view atividade	7	view_atividade
33	Can add procedimento preventivo	10	add_procedimentopreventivo
34	Can change procedimento preventivo	10	change_procedimentopreventivo
35	Can delete procedimento preventivo	10	delete_procedimentopreventivo
36	Can view procedimento preventivo	10	view_procedimentopreventivo
37	Can add chamado	8	add_chamado
38	Can change chamado	8	change_chamado
39	Can delete chamado	8	delete_chamado
40	Can view chamado	8	view_chamado
\.


--
-- Data for Name: auth_user; Type: TABLE DATA; Schema: public; Owner: pcm_user
--

COPY public.auth_user (id, password, last_login, is_superuser, username, first_name, last_name, email, is_staff, is_active, date_joined) FROM stdin;
1	pbkdf2_sha256$1200000$8DG8G6D8XyhTgGVshy1jbl$WMGwXfmEkd2ju6F80xedpYeKmS5g5YGCQukixO7EHLk=	2026-01-13 18:48:27.875494+00	t	zipo			z1p0l0ck@lypsyos.com	t	t	2026-01-13 17:21:01.60315+00
\.


--
-- Data for Name: auth_user_groups; Type: TABLE DATA; Schema: public; Owner: pcm_user
--

COPY public.auth_user_groups (id, user_id, group_id) FROM stdin;
\.


--
-- Data for Name: auth_user_user_permissions; Type: TABLE DATA; Schema: public; Owner: pcm_user
--

COPY public.auth_user_user_permissions (id, user_id, permission_id) FROM stdin;
\.


--
-- Data for Name: django_admin_log; Type: TABLE DATA; Schema: public; Owner: pcm_user
--

COPY public.django_admin_log (id, action_time, object_id, object_repr, action_flag, change_message, content_type_id, user_id) FROM stdin;
1	2026-01-13 18:49:40.162327+00	1	1 - Manutenção Predial	1	[{"added": {}}]	9	1
2	2026-01-13 18:50:23.942978+00	1	1 - Manutenção Administrativo	2	[{"changed": {"fields": ["Nome"]}}]	9	1
3	2026-01-13 18:50:37.989283+00	2	2 - Manutenção Industria	1	[{"added": {}}]	9	1
4	2026-01-13 18:50:58.297404+00	3	3 - Manutenção Moveis e Utensilios	1	[{"added": {}}]	9	1
5	2026-01-13 18:51:21.843285+00	4	4 - Obras Unidades	1	[{"added": {}}]	9	1
\.


--
-- Data for Name: django_content_type; Type: TABLE DATA; Schema: public; Owner: pcm_user
--

COPY public.django_content_type (id, app_label, model) FROM stdin;
1	admin	logentry
2	auth	group
3	auth	permission
4	auth	user
5	contenttypes	contenttype
6	sessions	session
7	assets	atividade
8	assets	chamado
9	assets	maquina
10	assets	procedimentopreventivo
\.


--
-- Data for Name: django_migrations; Type: TABLE DATA; Schema: public; Owner: pcm_user
--

COPY public.django_migrations (id, app, name, applied) FROM stdin;
1	contenttypes	0001_initial	2026-01-13 17:19:09.82716+00
2	auth	0001_initial	2026-01-13 17:19:09.934951+00
3	admin	0001_initial	2026-01-13 17:19:09.959338+00
4	admin	0002_logentry_remove_auto_add	2026-01-13 17:19:09.97059+00
5	admin	0003_logentry_add_action_flag_choices	2026-01-13 17:19:09.982209+00
6	assets	0001_initial	2026-01-13 17:19:10.010459+00
7	assets	0002_maquina_atividade_delete_ativo_delete_localizacao	2026-01-13 17:19:10.051816+00
8	assets	0003_procedimentopreventivo_atividade_eh_preventiva_and_more	2026-01-13 17:19:10.098117+00
9	assets	0004_atividade_eh_emergencial	2026-01-13 17:19:10.108346+00
10	assets	0005_chamado	2026-01-13 17:19:10.131159+00
11	assets	0006_atividade_instrucoes_tecnicas_and_more	2026-01-13 17:19:10.179881+00
12	contenttypes	0002_remove_content_type_name	2026-01-13 17:19:10.200365+00
13	auth	0002_alter_permission_name_max_length	2026-01-13 17:19:10.210278+00
14	auth	0003_alter_user_email_max_length	2026-01-13 17:19:10.217551+00
15	auth	0004_alter_user_username_opts	2026-01-13 17:19:10.225198+00
16	auth	0005_alter_user_last_login_null	2026-01-13 17:19:10.240864+00
17	auth	0006_require_contenttypes_0002	2026-01-13 17:19:10.242862+00
18	auth	0007_alter_validators_add_error_messages	2026-01-13 17:19:10.259605+00
19	auth	0008_alter_user_username_max_length	2026-01-13 17:19:10.276988+00
20	auth	0009_alter_user_last_name_max_length	2026-01-13 17:19:10.284624+00
21	auth	0010_alter_group_name_max_length	2026-01-13 17:19:10.293505+00
22	auth	0011_update_proxy_permissions	2026-01-13 17:19:10.301506+00
23	auth	0012_alter_user_first_name_max_length	2026-01-13 17:19:10.316723+00
24	sessions	0001_initial	2026-01-13 17:19:10.331789+00
\.


--
-- Data for Name: django_session; Type: TABLE DATA; Schema: public; Owner: pcm_user
--

COPY public.django_session (session_key, session_data, expire_date) FROM stdin;
z2zm90t0hzarrf7wqqdmxvnuaj6kkcj0	.eJxVjDEOwjAMRe-SGUWJkZvAyM4ZIjuOSQGlUtNOiLtDpQ6w_vfef5lE61LT2sucRjFn483hd2PKj9I2IHdqt8nmqS3zyHZT7E67vU5Snpfd_Tuo1Ou3BiUCz8z-5DJQHCj6zIIeQnQYspA7logBWNWrIiqqDAwYJEDM0bw_95Q4Wg:1vfjRL:NWLQl7UAR9R0KpnRQD0MZPRZ_8Rrk0yTeYdARf8uYOY	2026-01-27 18:48:27.881436+00
\.


--
-- Name: assets_atividade_id_seq; Type: SEQUENCE SET; Schema: public; Owner: pcm_user
--

SELECT pg_catalog.setval('public.assets_atividade_id_seq', 1, true);


--
-- Name: assets_chamado_id_seq; Type: SEQUENCE SET; Schema: public; Owner: pcm_user
--

SELECT pg_catalog.setval('public.assets_chamado_id_seq', 1, true);


--
-- Name: assets_maquina_id_seq; Type: SEQUENCE SET; Schema: public; Owner: pcm_user
--

SELECT pg_catalog.setval('public.assets_maquina_id_seq', 4, true);


--
-- Name: assets_procedimentopreventivo_id_seq; Type: SEQUENCE SET; Schema: public; Owner: pcm_user
--

SELECT pg_catalog.setval('public.assets_procedimentopreventivo_id_seq', 1, false);


--
-- Name: auth_group_id_seq; Type: SEQUENCE SET; Schema: public; Owner: pcm_user
--

SELECT pg_catalog.setval('public.auth_group_id_seq', 1, false);


--
-- Name: auth_group_permissions_id_seq; Type: SEQUENCE SET; Schema: public; Owner: pcm_user
--

SELECT pg_catalog.setval('public.auth_group_permissions_id_seq', 1, false);


--
-- Name: auth_permission_id_seq; Type: SEQUENCE SET; Schema: public; Owner: pcm_user
--

SELECT pg_catalog.setval('public.auth_permission_id_seq', 40, true);


--
-- Name: auth_user_groups_id_seq; Type: SEQUENCE SET; Schema: public; Owner: pcm_user
--

SELECT pg_catalog.setval('public.auth_user_groups_id_seq', 1, false);


--
-- Name: auth_user_id_seq; Type: SEQUENCE SET; Schema: public; Owner: pcm_user
--

SELECT pg_catalog.setval('public.auth_user_id_seq', 1, true);


--
-- Name: auth_user_user_permissions_id_seq; Type: SEQUENCE SET; Schema: public; Owner: pcm_user
--

SELECT pg_catalog.setval('public.auth_user_user_permissions_id_seq', 1, false);


--
-- Name: django_admin_log_id_seq; Type: SEQUENCE SET; Schema: public; Owner: pcm_user
--

SELECT pg_catalog.setval('public.django_admin_log_id_seq', 5, true);


--
-- Name: django_content_type_id_seq; Type: SEQUENCE SET; Schema: public; Owner: pcm_user
--

SELECT pg_catalog.setval('public.django_content_type_id_seq', 10, true);


--
-- Name: django_migrations_id_seq; Type: SEQUENCE SET; Schema: public; Owner: pcm_user
--

SELECT pg_catalog.setval('public.django_migrations_id_seq', 24, true);


--
-- Name: assets_atividade assets_atividade_pkey; Type: CONSTRAINT; Schema: public; Owner: pcm_user
--

ALTER TABLE ONLY public.assets_atividade
    ADD CONSTRAINT assets_atividade_pkey PRIMARY KEY (id);


--
-- Name: assets_chamado assets_chamado_pkey; Type: CONSTRAINT; Schema: public; Owner: pcm_user
--

ALTER TABLE ONLY public.assets_chamado
    ADD CONSTRAINT assets_chamado_pkey PRIMARY KEY (id);


--
-- Name: assets_maquina assets_maquina_codigo_key; Type: CONSTRAINT; Schema: public; Owner: pcm_user
--

ALTER TABLE ONLY public.assets_maquina
    ADD CONSTRAINT assets_maquina_codigo_key UNIQUE (codigo);


--
-- Name: assets_maquina assets_maquina_pkey; Type: CONSTRAINT; Schema: public; Owner: pcm_user
--

ALTER TABLE ONLY public.assets_maquina
    ADD CONSTRAINT assets_maquina_pkey PRIMARY KEY (id);


--
-- Name: assets_procedimentopreventivo assets_procedimentopreventivo_codigo_key; Type: CONSTRAINT; Schema: public; Owner: pcm_user
--

ALTER TABLE ONLY public.assets_procedimentopreventivo
    ADD CONSTRAINT assets_procedimentopreventivo_codigo_key UNIQUE (codigo);


--
-- Name: assets_procedimentopreventivo assets_procedimentopreventivo_pkey; Type: CONSTRAINT; Schema: public; Owner: pcm_user
--

ALTER TABLE ONLY public.assets_procedimentopreventivo
    ADD CONSTRAINT assets_procedimentopreventivo_pkey PRIMARY KEY (id);


--
-- Name: auth_group auth_group_name_key; Type: CONSTRAINT; Schema: public; Owner: pcm_user
--

ALTER TABLE ONLY public.auth_group
    ADD CONSTRAINT auth_group_name_key UNIQUE (name);


--
-- Name: auth_group_permissions auth_group_permissions_group_id_permission_id_0cd325b0_uniq; Type: CONSTRAINT; Schema: public; Owner: pcm_user
--

ALTER TABLE ONLY public.auth_group_permissions
    ADD CONSTRAINT auth_group_permissions_group_id_permission_id_0cd325b0_uniq UNIQUE (group_id, permission_id);


--
-- Name: auth_group_permissions auth_group_permissions_pkey; Type: CONSTRAINT; Schema: public; Owner: pcm_user
--

ALTER TABLE ONLY public.auth_group_permissions
    ADD CONSTRAINT auth_group_permissions_pkey PRIMARY KEY (id);


--
-- Name: auth_group auth_group_pkey; Type: CONSTRAINT; Schema: public; Owner: pcm_user
--

ALTER TABLE ONLY public.auth_group
    ADD CONSTRAINT auth_group_pkey PRIMARY KEY (id);


--
-- Name: auth_permission auth_permission_content_type_id_codename_01ab375a_uniq; Type: CONSTRAINT; Schema: public; Owner: pcm_user
--

ALTER TABLE ONLY public.auth_permission
    ADD CONSTRAINT auth_permission_content_type_id_codename_01ab375a_uniq UNIQUE (content_type_id, codename);


--
-- Name: auth_permission auth_permission_pkey; Type: CONSTRAINT; Schema: public; Owner: pcm_user
--

ALTER TABLE ONLY public.auth_permission
    ADD CONSTRAINT auth_permission_pkey PRIMARY KEY (id);


--
-- Name: auth_user_groups auth_user_groups_pkey; Type: CONSTRAINT; Schema: public; Owner: pcm_user
--

ALTER TABLE ONLY public.auth_user_groups
    ADD CONSTRAINT auth_user_groups_pkey PRIMARY KEY (id);


--
-- Name: auth_user_groups auth_user_groups_user_id_group_id_94350c0c_uniq; Type: CONSTRAINT; Schema: public; Owner: pcm_user
--

ALTER TABLE ONLY public.auth_user_groups
    ADD CONSTRAINT auth_user_groups_user_id_group_id_94350c0c_uniq UNIQUE (user_id, group_id);


--
-- Name: auth_user auth_user_pkey; Type: CONSTRAINT; Schema: public; Owner: pcm_user
--

ALTER TABLE ONLY public.auth_user
    ADD CONSTRAINT auth_user_pkey PRIMARY KEY (id);


--
-- Name: auth_user_user_permissions auth_user_user_permissions_pkey; Type: CONSTRAINT; Schema: public; Owner: pcm_user
--

ALTER TABLE ONLY public.auth_user_user_permissions
    ADD CONSTRAINT auth_user_user_permissions_pkey PRIMARY KEY (id);


--
-- Name: auth_user_user_permissions auth_user_user_permissions_user_id_permission_id_14a6b632_uniq; Type: CONSTRAINT; Schema: public; Owner: pcm_user
--

ALTER TABLE ONLY public.auth_user_user_permissions
    ADD CONSTRAINT auth_user_user_permissions_user_id_permission_id_14a6b632_uniq UNIQUE (user_id, permission_id);


--
-- Name: auth_user auth_user_username_key; Type: CONSTRAINT; Schema: public; Owner: pcm_user
--

ALTER TABLE ONLY public.auth_user
    ADD CONSTRAINT auth_user_username_key UNIQUE (username);


--
-- Name: django_admin_log django_admin_log_pkey; Type: CONSTRAINT; Schema: public; Owner: pcm_user
--

ALTER TABLE ONLY public.django_admin_log
    ADD CONSTRAINT django_admin_log_pkey PRIMARY KEY (id);


--
-- Name: django_content_type django_content_type_app_label_model_76bd3d3b_uniq; Type: CONSTRAINT; Schema: public; Owner: pcm_user
--

ALTER TABLE ONLY public.django_content_type
    ADD CONSTRAINT django_content_type_app_label_model_76bd3d3b_uniq UNIQUE (app_label, model);


--
-- Name: django_content_type django_content_type_pkey; Type: CONSTRAINT; Schema: public; Owner: pcm_user
--

ALTER TABLE ONLY public.django_content_type
    ADD CONSTRAINT django_content_type_pkey PRIMARY KEY (id);


--
-- Name: django_migrations django_migrations_pkey; Type: CONSTRAINT; Schema: public; Owner: pcm_user
--

ALTER TABLE ONLY public.django_migrations
    ADD CONSTRAINT django_migrations_pkey PRIMARY KEY (id);


--
-- Name: django_session django_session_pkey; Type: CONSTRAINT; Schema: public; Owner: pcm_user
--

ALTER TABLE ONLY public.django_session
    ADD CONSTRAINT django_session_pkey PRIMARY KEY (session_key);


--
-- Name: assets_atividade_colaborador_id_e6aca162; Type: INDEX; Schema: public; Owner: pcm_user
--

CREATE INDEX assets_atividade_colaborador_id_e6aca162 ON public.assets_atividade USING btree (colaborador_id);


--
-- Name: assets_atividade_maquina_id_70addc76; Type: INDEX; Schema: public; Owner: pcm_user
--

CREATE INDEX assets_atividade_maquina_id_70addc76 ON public.assets_atividade USING btree (maquina_id);


--
-- Name: assets_atividade_procedimento_base_id_7d543a26; Type: INDEX; Schema: public; Owner: pcm_user
--

CREATE INDEX assets_atividade_procedimento_base_id_7d543a26 ON public.assets_atividade USING btree (procedimento_base_id);


--
-- Name: assets_chamado_maquina_id_81b9e402; Type: INDEX; Schema: public; Owner: pcm_user
--

CREATE INDEX assets_chamado_maquina_id_81b9e402 ON public.assets_chamado USING btree (maquina_id);


--
-- Name: assets_chamado_requisitante_id_1e3dc7a6; Type: INDEX; Schema: public; Owner: pcm_user
--

CREATE INDEX assets_chamado_requisitante_id_1e3dc7a6 ON public.assets_chamado USING btree (requisitante_id);


--
-- Name: assets_maquina_codigo_075c7b23_like; Type: INDEX; Schema: public; Owner: pcm_user
--

CREATE INDEX assets_maquina_codigo_075c7b23_like ON public.assets_maquina USING btree (codigo varchar_pattern_ops);


--
-- Name: assets_procedimentopreventivo_codigo_768fc470_like; Type: INDEX; Schema: public; Owner: pcm_user
--

CREATE INDEX assets_procedimentopreventivo_codigo_768fc470_like ON public.assets_procedimentopreventivo USING btree (codigo varchar_pattern_ops);


--
-- Name: auth_group_name_a6ea08ec_like; Type: INDEX; Schema: public; Owner: pcm_user
--

CREATE INDEX auth_group_name_a6ea08ec_like ON public.auth_group USING btree (name varchar_pattern_ops);


--
-- Name: auth_group_permissions_group_id_b120cbf9; Type: INDEX; Schema: public; Owner: pcm_user
--

CREATE INDEX auth_group_permissions_group_id_b120cbf9 ON public.auth_group_permissions USING btree (group_id);


--
-- Name: auth_group_permissions_permission_id_84c5c92e; Type: INDEX; Schema: public; Owner: pcm_user
--

CREATE INDEX auth_group_permissions_permission_id_84c5c92e ON public.auth_group_permissions USING btree (permission_id);


--
-- Name: auth_permission_content_type_id_2f476e4b; Type: INDEX; Schema: public; Owner: pcm_user
--

CREATE INDEX auth_permission_content_type_id_2f476e4b ON public.auth_permission USING btree (content_type_id);


--
-- Name: auth_user_groups_group_id_97559544; Type: INDEX; Schema: public; Owner: pcm_user
--

CREATE INDEX auth_user_groups_group_id_97559544 ON public.auth_user_groups USING btree (group_id);


--
-- Name: auth_user_groups_user_id_6a12ed8b; Type: INDEX; Schema: public; Owner: pcm_user
--

CREATE INDEX auth_user_groups_user_id_6a12ed8b ON public.auth_user_groups USING btree (user_id);


--
-- Name: auth_user_user_permissions_permission_id_1fbb5f2c; Type: INDEX; Schema: public; Owner: pcm_user
--

CREATE INDEX auth_user_user_permissions_permission_id_1fbb5f2c ON public.auth_user_user_permissions USING btree (permission_id);


--
-- Name: auth_user_user_permissions_user_id_a95ead1b; Type: INDEX; Schema: public; Owner: pcm_user
--

CREATE INDEX auth_user_user_permissions_user_id_a95ead1b ON public.auth_user_user_permissions USING btree (user_id);


--
-- Name: auth_user_username_6821ab7c_like; Type: INDEX; Schema: public; Owner: pcm_user
--

CREATE INDEX auth_user_username_6821ab7c_like ON public.auth_user USING btree (username varchar_pattern_ops);


--
-- Name: django_admin_log_content_type_id_c4bce8eb; Type: INDEX; Schema: public; Owner: pcm_user
--

CREATE INDEX django_admin_log_content_type_id_c4bce8eb ON public.django_admin_log USING btree (content_type_id);


--
-- Name: django_admin_log_user_id_c564eba6; Type: INDEX; Schema: public; Owner: pcm_user
--

CREATE INDEX django_admin_log_user_id_c564eba6 ON public.django_admin_log USING btree (user_id);


--
-- Name: django_session_expire_date_a5c62663; Type: INDEX; Schema: public; Owner: pcm_user
--

CREATE INDEX django_session_expire_date_a5c62663 ON public.django_session USING btree (expire_date);


--
-- Name: django_session_session_key_c0390e0f_like; Type: INDEX; Schema: public; Owner: pcm_user
--

CREATE INDEX django_session_session_key_c0390e0f_like ON public.django_session USING btree (session_key varchar_pattern_ops);


--
-- Name: assets_atividade assets_atividade_colaborador_id_e6aca162_fk_auth_user_id; Type: FK CONSTRAINT; Schema: public; Owner: pcm_user
--

ALTER TABLE ONLY public.assets_atividade
    ADD CONSTRAINT assets_atividade_colaborador_id_e6aca162_fk_auth_user_id FOREIGN KEY (colaborador_id) REFERENCES public.auth_user(id) DEFERRABLE INITIALLY DEFERRED;


--
-- Name: assets_atividade assets_atividade_maquina_id_70addc76_fk_assets_maquina_id; Type: FK CONSTRAINT; Schema: public; Owner: pcm_user
--

ALTER TABLE ONLY public.assets_atividade
    ADD CONSTRAINT assets_atividade_maquina_id_70addc76_fk_assets_maquina_id FOREIGN KEY (maquina_id) REFERENCES public.assets_maquina(id) DEFERRABLE INITIALLY DEFERRED;


--
-- Name: assets_atividade assets_atividade_procedimento_base_id_7d543a26_fk_assets_pr; Type: FK CONSTRAINT; Schema: public; Owner: pcm_user
--

ALTER TABLE ONLY public.assets_atividade
    ADD CONSTRAINT assets_atividade_procedimento_base_id_7d543a26_fk_assets_pr FOREIGN KEY (procedimento_base_id) REFERENCES public.assets_procedimentopreventivo(id) DEFERRABLE INITIALLY DEFERRED;


--
-- Name: assets_chamado assets_chamado_maquina_id_81b9e402_fk_assets_maquina_id; Type: FK CONSTRAINT; Schema: public; Owner: pcm_user
--

ALTER TABLE ONLY public.assets_chamado
    ADD CONSTRAINT assets_chamado_maquina_id_81b9e402_fk_assets_maquina_id FOREIGN KEY (maquina_id) REFERENCES public.assets_maquina(id) DEFERRABLE INITIALLY DEFERRED;


--
-- Name: assets_chamado assets_chamado_requisitante_id_1e3dc7a6_fk_auth_user_id; Type: FK CONSTRAINT; Schema: public; Owner: pcm_user
--

ALTER TABLE ONLY public.assets_chamado
    ADD CONSTRAINT assets_chamado_requisitante_id_1e3dc7a6_fk_auth_user_id FOREIGN KEY (requisitante_id) REFERENCES public.auth_user(id) DEFERRABLE INITIALLY DEFERRED;


--
-- Name: auth_group_permissions auth_group_permissio_permission_id_84c5c92e_fk_auth_perm; Type: FK CONSTRAINT; Schema: public; Owner: pcm_user
--

ALTER TABLE ONLY public.auth_group_permissions
    ADD CONSTRAINT auth_group_permissio_permission_id_84c5c92e_fk_auth_perm FOREIGN KEY (permission_id) REFERENCES public.auth_permission(id) DEFERRABLE INITIALLY DEFERRED;


--
-- Name: auth_group_permissions auth_group_permissions_group_id_b120cbf9_fk_auth_group_id; Type: FK CONSTRAINT; Schema: public; Owner: pcm_user
--

ALTER TABLE ONLY public.auth_group_permissions
    ADD CONSTRAINT auth_group_permissions_group_id_b120cbf9_fk_auth_group_id FOREIGN KEY (group_id) REFERENCES public.auth_group(id) DEFERRABLE INITIALLY DEFERRED;


--
-- Name: auth_permission auth_permission_content_type_id_2f476e4b_fk_django_co; Type: FK CONSTRAINT; Schema: public; Owner: pcm_user
--

ALTER TABLE ONLY public.auth_permission
    ADD CONSTRAINT auth_permission_content_type_id_2f476e4b_fk_django_co FOREIGN KEY (content_type_id) REFERENCES public.django_content_type(id) DEFERRABLE INITIALLY DEFERRED;


--
-- Name: auth_user_groups auth_user_groups_group_id_97559544_fk_auth_group_id; Type: FK CONSTRAINT; Schema: public; Owner: pcm_user
--

ALTER TABLE ONLY public.auth_user_groups
    ADD CONSTRAINT auth_user_groups_group_id_97559544_fk_auth_group_id FOREIGN KEY (group_id) REFERENCES public.auth_group(id) DEFERRABLE INITIALLY DEFERRED;


--
-- Name: auth_user_groups auth_user_groups_user_id_6a12ed8b_fk_auth_user_id; Type: FK CONSTRAINT; Schema: public; Owner: pcm_user
--

ALTER TABLE ONLY public.auth_user_groups
    ADD CONSTRAINT auth_user_groups_user_id_6a12ed8b_fk_auth_user_id FOREIGN KEY (user_id) REFERENCES public.auth_user(id) DEFERRABLE INITIALLY DEFERRED;


--
-- Name: auth_user_user_permissions auth_user_user_permi_permission_id_1fbb5f2c_fk_auth_perm; Type: FK CONSTRAINT; Schema: public; Owner: pcm_user
--

ALTER TABLE ONLY public.auth_user_user_permissions
    ADD CONSTRAINT auth_user_user_permi_permission_id_1fbb5f2c_fk_auth_perm FOREIGN KEY (permission_id) REFERENCES public.auth_permission(id) DEFERRABLE INITIALLY DEFERRED;


--
-- Name: auth_user_user_permissions auth_user_user_permissions_user_id_a95ead1b_fk_auth_user_id; Type: FK CONSTRAINT; Schema: public; Owner: pcm_user
--

ALTER TABLE ONLY public.auth_user_user_permissions
    ADD CONSTRAINT auth_user_user_permissions_user_id_a95ead1b_fk_auth_user_id FOREIGN KEY (user_id) REFERENCES public.auth_user(id) DEFERRABLE INITIALLY DEFERRED;


--
-- Name: django_admin_log django_admin_log_content_type_id_c4bce8eb_fk_django_co; Type: FK CONSTRAINT; Schema: public; Owner: pcm_user
--

ALTER TABLE ONLY public.django_admin_log
    ADD CONSTRAINT django_admin_log_content_type_id_c4bce8eb_fk_django_co FOREIGN KEY (content_type_id) REFERENCES public.django_content_type(id) DEFERRABLE INITIALLY DEFERRED;


--
-- Name: django_admin_log django_admin_log_user_id_c564eba6_fk_auth_user_id; Type: FK CONSTRAINT; Schema: public; Owner: pcm_user
--

ALTER TABLE ONLY public.django_admin_log
    ADD CONSTRAINT django_admin_log_user_id_c564eba6_fk_auth_user_id FOREIGN KEY (user_id) REFERENCES public.auth_user(id) DEFERRABLE INITIALLY DEFERRED;


--
-- PostgreSQL database dump complete
--

\unrestrict EebhNVRyifT5MvFi2QrRbzRI68lhmM1AE6JxydlfQe6dwHz13HimHRbS5J2amre

